timestamp,strategy_id,instrument_id,side,price,quantity,realized_pnl,commission
1762300802049178859,SimpleMarketMaker,294973,BUY,6792.25,1,0.00,2.17
1762300806233918543,SimpleMarketMaker,294973,SELL,6792.75,1,25.00,2.17
1762300833113008243,SimpleMarketMaker,294973,SELL,6792.50,1,0.00,2.17
1762300864748729267,SimpleMarketMaker,294973,BUY,6791.75,1,37.50,2.17
1762300871950869679,SimpleMarketMaker,294973,BUY,6791.25,1,0.00,2.17
1762300873657995901,SimpleMarketMaker,294973,SELL,6791.00,1,-12.50,2.17
1762300874722516321,SimpleMarketMaker,294973,SELL,6791.00,1,0.00,2.17
1762300911892038887,SimpleMarketMaker,294973,BUY,6791.50,1,-25.00,2.17
1762300922172011537,SimpleMarketMaker,294973,SELL,6792.00,1,0.00,2.17
1762300926392129345,SimpleMarketMaker,294973,BUY,6791.25,1,37.50,2.17
1762300942728788395,SimpleMarketMaker,294973,SELL,6791.50,1,0.00,2.17
1762300970731437263,SimpleMarketMaker,294973,BUY,6790.75,1,37.50,2.17
1762300973936048949,SimpleMarketMaker,294973,BUY,6790.25,1,0.00,2.17
1762300974515865627,SimpleMarketMaker,294973,BUY,6789.75,1,0.00,2.17
1762300980008449121,SimpleMarketMaker,294973,SELL,6789.50,1,-25.00,2.17
1762300980746372273,SimpleMarketMaker,294973,SELL,6789.75,1,-12.50,2.17
1762300987935275921,SimpleMarketMaker,294973,SELL,6790.00,1,0.00,2.17
1762300988685719845,SimpleMarketMaker,294973,BUY,6789.75,1,12.50,2.17
1762300989598028441,SimpleMarketMaker,294973,SELL,6790.00,1,0.00,2.17
1762301013408388845,SimpleMarketMaker,294973,BUY,6789.50,1,25.00,2.17
1762301035030355037,SimpleMarketMaker,294973,BUY,6789.00,1,0.00,2.17
1762301035233449039,SimpleMarketMaker,294973,SELL,6788.75,1,-12.50,2.17
1762301039166529465,SimpleMarketMaker,294973,BUY,6788.25,1,0.00,2.17
1762301040405485413,SimpleMarketMaker,294973,SELL,6787.75,1,-25.00,2.17
1762301041215526629,SimpleMarketMaker,294973,SELL,6788.00,1,0.00,2.17
1762301047146718085,SimpleMarketMaker,294973,BUY,6787.25,1,37.50,2.17
1762301049721478843,SimpleMarketMaker,294973,SELL,6788.00,1,0.00,2.17
1762301050968052017,SimpleMarketMaker,294973,BUY,6787.75,1,12.50,2.17
1762301053443415539,SimpleMarketMaker,294973,SELL,6788.25,1,0.00,2.17
1762301054726721935,SimpleMarketMaker,294973,BUY,6787.50,1,37.50,2.17
1762301073812672841,SimpleMarketMaker,294973,BUY,6785.75,1,0.00,2.17
1762301076501133229,SimpleMarketMaker,294973,SELL,6786.00,1,12.50,2.17
1762301078860531633,SimpleMarketMaker,294973,SELL,6786.50,1,0.00,2.17
1762301081944929427,SimpleMarketMaker,294973,BUY,6786.00,1,25.00,2.17
1762301089297171417,SimpleMarketMaker,294973,SELL,6786.25,1,0.00,2.17
1762301097950552001,SimpleMarketMaker,294973,BUY,6786.50,1,-12.50,2.17
1762301104192401963,SimpleMarketMaker,294973,SELL,6786.75,1,0.00,2.17
1762301114571830035,SimpleMarketMaker,294973,BUY,6787.75,1,-50.00,2.17
1762301122425246857,SimpleMarketMaker,294973,SELL,6787.00,1,0.00,2.17
1762301136392511001,SimpleMarketMaker,294973,BUY,6788.50,1,-75.00,2.17
1762301139164868973,SimpleMarketMaker,294973,SELL,6788.50,1,0.00,2.17
1762301142973166221,SimpleMarketMaker,294973,BUY,6788.00,1,25.00,2.17
1762301148464484297,SimpleMarketMaker,294973,BUY,6787.00,1,0.00,2.17
1762301150076676451,SimpleMarketMaker,294973,SELL,6787.25,1,12.50,2.17
1762301156842640389,SimpleMarketMaker,294973,SELL,6787.75,1,0.00,2.17
1762301173674509125,SimpleMarketMaker,294973,BUY,6788.25,1,-25.00,2.17
1762301183487943203,SimpleMarketMaker,294973,SELL,6787.25,1,0.00,2.17
1762301183801940613,SimpleMarketMaker,294973,BUY,6786.75,1,25.00,2.17
1762301192551022663,SimpleMarketMaker,294973,BUY,6786.25,1,0.00,2.17
1762301201467521615,SimpleMarketMaker,294973,SELL,6786.00,1,-12.50,2.17
1762301204661441587,SimpleMarketMaker,294973,BUY,6785.50,1,0.00,2.17
1762301206033039367,SimpleMarketMaker,294973,SELL,6783.75,1,-87.50,2.17
1762301209413291487,SimpleMarketMaker,294973,SELL,6783.50,1,0.00,2.17
1762301210160496609,SimpleMarketMaker,294973,BUY,6783.25,1,12.50,2.17
1762301211273726699,SimpleMarketMaker,294973,SELL,6783.75,1,0.00,2.17
1762301214103293313,SimpleMarketMaker,294973,BUY,6783.50,1,12.50,2.17
1762301219872041261,SimpleMarketMaker,294973,SELL,6783.50,1,0.00,2.17
1762301239127022981,SimpleMarketMaker,294973,BUY,6784.25,1,-37.50,2.17
1762301241957223929,SimpleMarketMaker,294973,SELL,6784.50,1,0.00,2.17
1762301250127181441,SimpleMarketMaker,294973,BUY,6784.00,1,25.00,2.17
1762301251978589161,SimpleMarketMaker,294973,SELL,6784.50,1,0.00,2.17
1762301260549550609,SimpleMarketMaker,294973,BUY,6784.00,1,25.00,2.17
1762301262281417437,SimpleMarketMaker,294973,SELL,6784.25,1,0.00,2.17
1762301263989500781,SimpleMarketMaker,294973,BUY,6784.00,1,12.50,2.17
1762301282820904581,SimpleMarketMaker,294973,SELL,6784.00,1,0.00,2.17
1762301283368152505,SimpleMarketMaker,294973,BUY,6783.50,1,25.00,2.17
1762301292721315923,SimpleMarketMaker,294973,SELL,6783.75,1,0.00,2.17
1762301296670354903,SimpleMarketMaker,294973,BUY,6783.75,1,0.00,2.17
1762301297525050351,SimpleMarketMaker,294973,SELL,6784.25,1,0.00,2.17
1762301327353247625,SimpleMarketMaker,294973,SELL,6786.00,1,0.00,2.17
1762301329441265421,SimpleMarketMaker,294973,BUY,6786.25,1,-50.00,2.17
1762301332615011093,SimpleMarketMaker,294973,BUY,6785.75,1,-25.00,2.17
1762301334414486593,SimpleMarketMaker,294973,SELL,6786.75,1,0.00,2.17
1762301336871870531,SimpleMarketMaker,294973,BUY,6786.25,1,25.00,2.17
1762301337136058333,SimpleMarketMaker,294973,BUY,6785.50,1,0.00,2.17
1762301340335485381,SimpleMarketMaker,294973,SELL,6785.50,1,0.00,2.17
1762301345254725789,SimpleMarketMaker,294973,SELL,6786.50,1,0.00,2.17
1762301356451098741,SimpleMarketMaker,294973,BUY,6787.50,1,-50.00,2.17
1762301358287817297,SimpleMarketMaker,294973,SELL,6787.75,1,0.00,2.17
1762301364311867423,SimpleMarketMaker,294973,BUY,6787.50,1,12.50,2.17
1762301364844956783,SimpleMarketMaker,294973,SELL,6787.75,1,0.00,2.17
1762301375682590505,SimpleMarketMaker,294973,BUY,6787.50,1,12.50,2.17
1762301382377293167,SimpleMarketMaker,294973,SELL,6787.75,1,0.00,2.17
1762301383962395839,SimpleMarketMaker,294973,BUY,6787.50,1,12.50,2.17
1762301384886525373,SimpleMarketMaker,294973,SELL,6788.00,1,0.00,2.17
1762301390683171489,SimpleMarketMaker,294973,BUY,6787.75,1,12.50,2.17
1762301404556117431,SimpleMarketMaker,294973,SELL,6787.75,1,0.00,2.17
1762301434269215467,SimpleMarketMaker,294973,BUY,6789.25,1,-75.00,2.17
1762301444185364395,SimpleMarketMaker,294973,SELL,6789.00,1,0.00,2.17
1762301447517598937,SimpleMarketMaker,294973,BUY,6788.50,1,25.00,2.17
1762301453296071399,SimpleMarketMaker,294973,BUY,6788.00,1,0.00,2.17
1762301460899486491,SimpleMarketMaker,294973,SELL,6787.00,1,-50.00,2.17
1762301461241876097,SimpleMarketMaker,294973,SELL,6787.75,1,0.00,2.17
1762301475961275807,SimpleMarketMaker,294973,BUY,6787.50,1,12.50,2.17
1762301481630391605,SimpleMarketMaker,294973,SELL,6787.50,1,0.00,2.17
1762301485365113961,SimpleMarketMaker,294973,BUY,6788.00,1,-25.00,2.17
1762301491856613129,SimpleMarketMaker,294973,SELL,6788.25,1,0.00,2.17
1762301523615837793,SimpleMarketMaker,294973,BUY,6788.00,1,12.50,2.17
1762301555628100323,SimpleMarketMaker,294973,SELL,6788.25,1,0.00,2.17
1762301560826352459,SimpleMarketMaker,294973,BUY,6788.25,1,0.00,2.17
1762301570175363777,SimpleMarketMaker,294973,SELL,6788.00,1,0.00,2.17
1762301583356035975,SimpleMarketMaker,294973,BUY,6788.75,1,-37.50,2.17
1762301588214158807,SimpleMarketMaker,294973,SELL,6789.25,1,0.00,2.17
1762301595506245539,SimpleMarketMaker,294973,BUY,6789.00,1,12.50,2.17
1762301597928571779,SimpleMarketMaker,294973,SELL,6789.25,1,0.00,2.17
1762301614148721737,SimpleMarketMaker,294973,BUY,6789.25,1,0.00,2.17
1762301617202924925,SimpleMarketMaker,294973,SELL,6789.50,1,0.00,2.17
1762301627423809477,SimpleMarketMaker,294973,BUY,6789.00,1,25.00,2.17
1762301637101837777,SimpleMarketMaker,294973,BUY,6787.75,1,0.00,2.17
1762301641496510659,SimpleMarketMaker,294973,SELL,6788.75,1,50.00,2.17
1762301652856197711,SimpleMarketMaker,294973,SELL,6788.75,1,0.00,2.17
1762301701486213913,SimpleMarketMaker,294973,BUY,6791.00,1,-112.50,2.17
1762301715835355795,SimpleMarketMaker,294973,SELL,6791.75,1,0.00,2.17
1762301720335300971,SimpleMarketMaker,294973,BUY,6791.50,1,12.50,2.17
1762301725232755969,SimpleMarketMaker,294973,SELL,6792.00,1,0.00,2.17
1762301734551765949,SimpleMarketMaker,294973,BUY,6792.00,1,0.00,2.17
1762301754901366045,SimpleMarketMaker,294973,SELL,6791.00,1,0.00,2.17
1762301755219926255,SimpleMarketMaker,294973,BUY,6790.75,1,12.50,2.17
1762301756195393729,SimpleMarketMaker,294973,SELL,6791.25,1,0.00,2.17
1762301760405522407,SimpleMarketMaker,294973,BUY,6791.50,1,-12.50,2.17
1762301761405118819,SimpleMarketMaker,294973,SELL,6791.75,1,0.00,2.17
1762301771982845317,SimpleMarketMaker,294973,BUY,6791.00,1,37.50,2.17
1762301777145287217,SimpleMarketMaker,294973,SELL,6791.50,1,0.00,2.17
1762301794096321217,SimpleMarketMaker,294973,BUY,6792.25,1,-37.50,2.17
1762301798514784121,SimpleMarketMaker,294973,SELL,6792.25,1,0.00,2.17
1762301801411774679,SimpleMarketMaker,294973,BUY,6791.75,1,25.00,2.17
1762301822131189677,SimpleMarketMaker,294973,SELL,6790.25,1,0.00,2.17
1762301824493838921,SimpleMarketMaker,294973,BUY,6790.00,1,12.50,2.17
1762301829059584355,SimpleMarketMaker,294973,SELL,6790.00,1,0.00,2.17
1762301829338972507,SimpleMarketMaker,294973,BUY,6789.75,1,12.50,2.17
1762301841045434255,SimpleMarketMaker,294973,SELL,6789.25,1,0.00,2.17
1762301848294405641,SimpleMarketMaker,294973,BUY,6788.25,1,50.00,2.17
1762301856669841413,SimpleMarketMaker,294973,SELL,6788.75,1,0.00,2.17
1762301879907769553,SimpleMarketMaker,294973,BUY,6789.50,1,-37.50,2.17
1762301885743565539,SimpleMarketMaker,294973,SELL,6789.50,1,0.00,2.17
1762301907819521961,SimpleMarketMaker,294973,BUY,6790.25,1,-37.50,2.17
1762301908773059253,SimpleMarketMaker,294973,SELL,6790.50,1,0.00,2.17
1762301921539071459,SimpleMarketMaker,294973,BUY,6790.75,1,-12.50,2.17
1762301930776759397,SimpleMarketMaker,294973,SELL,6791.00,1,0.00,2.17
1762301940325420481,SimpleMarketMaker,294973,BUY,6791.00,1,0.00,2.17
1762301952751570393,SimpleMarketMaker,294973,SELL,6790.50,1,0.00,2.17
1762301959675995109,SimpleMarketMaker,294973,BUY,6790.50,1,0.00,2.17
1762301995605078215,SimpleMarketMaker,294973,SELL,6789.50,1,0.00,2.17
1762302002594963509,SimpleMarketMaker,294973,BUY,6789.00,1,25.00,2.17
1762302011058070721,SimpleMarketMaker,294973,SELL,6789.50,1,0.00,2.17
1762302050984044745,SimpleMarketMaker,294973,BUY,6789.25,1,12.50,2.17
1762302064437923441,SimpleMarketMaker,294973,SELL,6789.50,1,0.00,2.17
1762302081695971163,SimpleMarketMaker,294973,BUY,6790.50,1,-50.00,2.17
1762302084011363649,SimpleMarketMaker,294973,SELL,6790.75,1,0.00,2.17
1762302120103317785,SimpleMarketMaker,294973,BUY,6790.75,1,0.00,2.17
1762302152274130055,SimpleMarketMaker,294973,SELL,6791.25,1,0.00,2.17
1762302170922236291,SimpleMarketMaker,294973,BUY,6791.25,1,0.00,2.17
1762302188991525291,SimpleMarketMaker,294973,SELL,6791.75,1,0.00,2.17
1762302199412604287,SimpleMarketMaker,294973,BUY,6791.50,1,12.50,2.17
1762302206224383341,SimpleMarketMaker,294973,SELL,6791.75,1,0.00,2.17
1762302216421499973,SimpleMarketMaker,294973,BUY,6791.50,1,12.50,2.17
1762302248967439785,SimpleMarketMaker,294973,SELL,6789.25,1,0.00,2.17
1762302261390697823,SimpleMarketMaker,294973,BUY,6788.75,1,25.00,2.17
1762302287906748299,SimpleMarketMaker,294973,BUY,6787.25,1,0.00,2.17
1762302294082678509,SimpleMarketMaker,294973,SELL,6787.00,1,-12.50,2.17
1762302297474303759,SimpleMarketMaker,294973,SELL,6787.25,1,0.00,2.17
1762302300074889485,SimpleMarketMaker,294973,BUY,6787.50,1,-12.50,2.17
1762302330976853777,SimpleMarketMaker,294973,BUY,6786.50,1,0.00,2.17
1762302331915361131,SimpleMarketMaker,294973,SELL,6786.75,1,12.50,2.17
1762302354582607401,SimpleMarketMaker,294973,SELL,6785.50,1,0.00,2.17
1762302358254898737,SimpleMarketMaker,294973,BUY,6784.75,1,37.50,2.17
1762302365543370723,SimpleMarketMaker,294973,SELL,6784.25,1,0.00,2.17
1762302369667080961,SimpleMarketMaker,294973,BUY,6784.00,1,12.50,2.17
1762302376639801249,SimpleMarketMaker,294973,BUY,6783.00,1,0.00,2.17
1762302378785213761,SimpleMarketMaker,294973,SELL,6782.75,1,-12.50,2.17
1762302398355314439,SimpleMarketMaker,294973,SELL,6783.25,1,0.00,2.17
1762302424036765031,SimpleMarketMaker,294973,BUY,6784.00,1,-37.50,2.17
1762302426666575595,SimpleMarketMaker,294973,SELL,6784.50,1,0.00,2.17
1762302434220461519,SimpleMarketMaker,294973,BUY,6784.00,1,25.00,2.17
1762302449708848783,SimpleMarketMaker,294973,SELL,6783.50,1,0.00,2.17
1762302453676704061,SimpleMarketMaker,294973,BUY,6783.00,1,25.00,2.17
1762302470315799253,SimpleMarketMaker,294973,SELL,6783.00,1,0.00,2.17
1762302479044087395,SimpleMarketMaker,294973,BUY,6783.00,1,0.00,2.17
1762302480955267647,SimpleMarketMaker,294973,SELL,6783.25,1,0.00,2.17
1762302483322785419,SimpleMarketMaker,294973,BUY,6783.00,1,12.50,2.17
1762302486555201159,SimpleMarketMaker,294973,BUY,6782.25,1,0.00,2.17
1762302486806446947,SimpleMarketMaker,294973,SELL,6782.50,1,12.50,2.17
1762302505587067943,SimpleMarketMaker,294973,SELL,6782.50,1,0.00,2.17
1762302516901584365,SimpleMarketMaker,294973,BUY,6782.75,1,-12.50,2.17
1762302520480285765,SimpleMarketMaker,294973,SELL,6783.00,1,0.00,2.17
1762302524829013751,SimpleMarketMaker,294973,BUY,6782.75,1,12.50,2.17
1762302552825204129,SimpleMarketMaker,294973,SELL,6782.75,1,0.00,2.17
1762302580084293049,SimpleMarketMaker,294973,BUY,6783.50,1,-37.50,2.17
1762302600191613735,SimpleMarketMaker,294973,SELL,6783.25,1,0.00,2.17
1762302604178152169,SimpleMarketMaker,294973,BUY,6782.75,1,25.00,2.17
1762302614083653073,SimpleMarketMaker,294973,SELL,6782.25,1,0.00,2.17
1762302621283125631,SimpleMarketMaker,294973,BUY,6781.75,1,25.00,2.17
1762302632713785553,SimpleMarketMaker,294973,SELL,6782.00,1,0.00,2.17
1762302643137252477,SimpleMarketMaker,294973,BUY,6781.75,1,12.50,2.17
1762302647394724521,SimpleMarketMaker,294973,SELL,6781.50,1,0.00,2.17
1762302667891332255,SimpleMarketMaker,294973,BUY,6781.25,1,12.50,2.17
1762302670040198201,SimpleMarketMaker,294973,BUY,6780.75,1,0.00,2.17
1762302670586658385,SimpleMarketMaker,294973,SELL,6778.75,1,-100.00,2.17
1762302670968899595,SimpleMarketMaker,294973,SELL,6779.00,1,0.00,2.17
1762302671771270395,SimpleMarketMaker,294973,BUY,6778.25,1,37.50,2.17
1762302675045383049,SimpleMarketMaker,294973,SELL,6778.00,1,0.00,2.17
1762302685544660381,SimpleMarketMaker,294973,BUY,6779.25,1,-62.50,2.17
1762302689575280061,SimpleMarketMaker,294973,SELL,6779.50,1,0.00,2.17
1762302689830933397,SimpleMarketMaker,294973,SELL,6780.00,1,0.00,2.17
1762302690303755435,SimpleMarketMaker,294973,BUY,6779.75,1,0.00,2.17
1762302694943396155,SimpleMarketMaker,294973,BUY,6779.75,1,0.00,2.17
1762302696162579803,SimpleMarketMaker,294973,SELL,6780.00,1,0.00,2.17
1762302698694494777,SimpleMarketMaker,294973,BUY,6780.25,1,-12.50,2.17
1762302723888502375,SimpleMarketMaker,294973,SELL,6780.25,1,0.00,2.17
1762302736738942805,SimpleMarketMaker,294973,BUY,6780.00,1,12.50,2.17
1762302741750761851,SimpleMarketMaker,294973,SELL,6779.75,1,0.00,2.17
1762302744701115731,SimpleMarketMaker,294973,BUY,6779.25,1,25.00,2.17
1762302771202696729,SimpleMarketMaker,294973,SELL,6778.00,1,0.00,2.17
1762302781745424751,SimpleMarketMaker,294973,BUY,6778.50,1,-25.00,2.17
1762302784569645701,SimpleMarketMaker,294973,SELL,6778.25,1,0.00,2.17
1762302791261491165,SimpleMarketMaker,294973,BUY,6777.75,1,25.00,2.17
1762302800056087075,SimpleMarketMaker,294973,SELL,6777.50,1,0.00,2.17
1762302821539218045,SimpleMarketMaker,294973,BUY,6778.25,1,-37.50,2.17
1762302842065862831,SimpleMarketMaker,294973,SELL,6778.00,1,0.00,2.17
1762302850441484989,SimpleMarketMaker,294973,BUY,6778.50,1,-25.00,2.17
1762302854816889431,SimpleMarketMaker,294973,SELL,6778.75,1,0.00,2.17
1762302859978441893,SimpleMarketMaker,294973,BUY,6778.50,1,12.50,2.17
1762302864302560767,SimpleMarketMaker,294973,SELL,6778.75,1,0.00,2.17
1762302876809847297,SimpleMarketMaker,294973,BUY,6778.25,1,25.00,2.17
1762302883972370095,SimpleMarketMaker,294973,SELL,6778.00,1,0.00,2.17
1762302898355946259,SimpleMarketMaker,294973,BUY,6778.00,1,0.00,2.17
1762302906235274481,SimpleMarketMaker,294973,SELL,6778.50,1,0.00,2.17
1762302912967133053,SimpleMarketMaker,294973,BUY,6778.75,1,-12.50,2.17
1762302920765012407,SimpleMarketMaker,294973,SELL,6779.00,1,0.00,2.17
1762302928162538145,SimpleMarketMaker,294973,BUY,6779.50,1,-25.00,2.17
1762302933446408891,SimpleMarketMaker,294973,SELL,6779.75,1,0.00,2.17
1762302936591958223,SimpleMarketMaker,294973,SELL,6780.75,1,0.00,2.17
1762302938762324391,SimpleMarketMaker,294973,BUY,6780.50,1,-12.50,2.17
1762302945645769659,SimpleMarketMaker,294973,BUY,6780.00,1,12.50,2.17
1762302950667755241,SimpleMarketMaker,294973,SELL,6780.25,1,0.00,2.17
1762302952839938959,SimpleMarketMaker,294973,BUY,6779.75,1,25.00,2.17
1762302960713583525,SimpleMarketMaker,294973,SELL,6780.00,1,0.00,2.17
1762302966783976175,SimpleMarketMaker,294973,BUY,6779.50,1,25.00,2.17
1762302982206929053,SimpleMarketMaker,294973,SELL,6779.00,1,0.00,2.17
1762302990289868299,SimpleMarketMaker,294973,BUY,6779.00,1,0.00,2.17
1762303010822593541,SimpleMarketMaker,294973,SELL,6778.25,1,0.00,2.17
1762303022978505067,SimpleMarketMaker,294973,BUY,6777.50,1,37.50,2.17
1762303029605226897,SimpleMarketMaker,294973,SELL,6777.75,1,0.00,2.17
1762303043405476077,SimpleMarketMaker,294973,BUY,6777.75,1,0.00,2.17
1762303044629629863,SimpleMarketMaker,294973,SELL,6778.00,1,0.00,2.17
1762303045053628657,SimpleMarketMaker,294973,BUY,6777.75,1,12.50,2.17
1762303065226380963,SimpleMarketMaker,294973,SELL,6778.25,1,0.00,2.17
1762303086808403933,SimpleMarketMaker,294973,BUY,6779.00,1,-37.50,2.17
1762303095652643383,SimpleMarketMaker,294973,SELL,6778.25,1,0.00,2.17
1762303097826286415,SimpleMarketMaker,294973,BUY,6778.00,1,12.50,2.17
1762303112729855901,SimpleMarketMaker,294973,SELL,6778.00,1,0.00,2.17
1762303117636447285,SimpleMarketMaker,294973,BUY,6778.00,1,0.00,2.17
1762303154601457977,SimpleMarketMaker,294973,SELL,6777.50,1,0.00,2.17
1762303168101964435,SimpleMarketMaker,294973,BUY,6777.25,1,12.50,2.17
1762303180554951207,SimpleMarketMaker,294973,SELL,6777.25,1,0.00,2.17
1762303188566843187,SimpleMarketMaker,294973,BUY,6776.75,1,25.00,2.17
1762303190654783935,SimpleMarketMaker,294973,SELL,6777.25,1,0.00,2.17
1762303191433321301,SimpleMarketMaker,294973,BUY,6777.00,1,12.50,2.17
1762303203511148729,SimpleMarketMaker,294973,BUY,6775.75,1,0.00,2.17
1762303204086326337,SimpleMarketMaker,294973,SELL,6776.00,1,12.50,2.17
1762303218238837079,SimpleMarketMaker,294973,BUY,6775.50,1,0.00,2.17
1762303220733481009,SimpleMarketMaker,294973,SELL,6775.75,1,12.50,2.17
1762303223658223677,SimpleMarketMaker,294973,SELL,6776.25,1,0.00,2.17
1762303226823631223,SimpleMarketMaker,294973,BUY,6775.75,1,25.00,2.17
1762303232181516357,SimpleMarketMaker,294973,SELL,6776.25,1,0.00,2.17
1762303238621295969,SimpleMarketMaker,294973,BUY,6776.00,1,12.50,2.17
1762303244661878363,SimpleMarketMaker,294973,SELL,6776.00,1,0.00,2.17
1762303250161564471,SimpleMarketMaker,294973,BUY,6775.50,1,25.00,2.17
1762303253260481295,SimpleMarketMaker,294973,SELL,6776.00,1,0.00,2.17
1762303258538290213,SimpleMarketMaker,294973,BUY,6775.50,1,25.00,2.17
1762303261924909767,SimpleMarketMaker,294973,SELL,6775.00,1,0.00,2.17
1762303282534888311,SimpleMarketMaker,294973,BUY,6776.25,1,-62.50,2.17
1762303287041083935,SimpleMarketMaker,294973,SELL,6776.00,1,0.00,2.17
1762303290968088273,SimpleMarketMaker,294973,BUY,6775.75,1,12.50,2.17
1762303304489098761,SimpleMarketMaker,294973,SELL,6774.50,1,0.00,2.17
1762303306318526963,SimpleMarketMaker,294973,BUY,6774.00,1,25.00,2.17
1762303308362731951,SimpleMarketMaker,294973,SELL,6774.50,1,0.00,2.17
1762303323202552497,SimpleMarketMaker,294973,BUY,6774.75,1,-12.50,2.17
1762303328153574077,SimpleMarketMaker,294973,SELL,6775.25,1,0.00,2.17
1762303339051442573,SimpleMarketMaker,294973,BUY,6774.75,1,25.00,2.17
1762303344162080833,SimpleMarketMaker,294973,SELL,6775.50,1,0.00,2.17
1762303348241143065,SimpleMarketMaker,294973,BUY,6775.50,1,0.00,2.17
1762303350098180483,SimpleMarketMaker,294973,SELL,6775.75,1,0.00,2.17
1762303369481725679,SimpleMarketMaker,294973,BUY,6775.25,1,25.00,2.17
1762303377028056043,SimpleMarketMaker,294973,SELL,6775.75,1,0.00,2.17
1762303381968122831,SimpleMarketMaker,294973,BUY,6775.50,1,12.50,2.17
1762303385009832017,SimpleMarketMaker,294973,SELL,6776.00,1,0.00,2.17
1762303394764525365,SimpleMarketMaker,294973,BUY,6775.50,1,25.00,2.17
1762303401687815137,SimpleMarketMaker,294973,SELL,6776.00,1,0.00,2.17
1762303406073613861,SimpleMarketMaker,294973,BUY,6776.00,1,0.00,2.17
1762303415250526749,SimpleMarketMaker,294973,SELL,6776.25,1,0.00,2.17
1762303421562786761,SimpleMarketMaker,294973,BUY,6775.25,1,50.00,2.17
1762303433358922411,SimpleMarketMaker,294973,SELL,6775.50,1,0.00,2.17
1762303438373008999,SimpleMarketMaker,294973,BUY,6774.75,1,37.50,2.17
1762303443771406931,SimpleMarketMaker,294973,SELL,6775.00,1,0.00,2.17
1762303460464465067,SimpleMarketMaker,294973,BUY,6775.25,1,-12.50,2.17
1762303465791604589,SimpleMarketMaker,294973,SELL,6775.50,1,0.00,2.17
1762303470881967409,SimpleMarketMaker,294973,BUY,6775.00,1,25.00,2.17
1762303501104233589,SimpleMarketMaker,294973,SELL,6775.00,1,0.00,2.17
1762303514332421355,SimpleMarketMaker,294973,BUY,6774.50,1,25.00,2.17
1762303532238051829,SimpleMarketMaker,294973,SELL,6774.75,1,0.00,2.17
1762303533440675883,SimpleMarketMaker,294973,BUY,6774.50,1,12.50,2.17
1762303549664603001,SimpleMarketMaker,294973,SELL,6773.75,1,0.00,2.17
1762303559698127349,SimpleMarketMaker,294973,BUY,6774.25,1,-25.00,2.17
1762303562860733205,SimpleMarketMaker,294973,SELL,6774.50,1,0.00,2.17
1762303569031061587,SimpleMarketMaker,294973,BUY,6774.75,1,-12.50,2.17
1762303572799727937,SimpleMarketMaker,294973,SELL,6774.75,1,0.00,2.17
1762303585691339515,SimpleMarketMaker,294973,BUY,6774.75,1,0.00,2.17
1762303586778561571,SimpleMarketMaker,294973,SELL,6775.00,1,0.00,2.17
1762303600295977003,SimpleMarketMaker,294973,BUY,6775.00,1,0.00,2.17
1762303623501383649,SimpleMarketMaker,294973,SELL,6775.25,1,0.00,2.17
1762303629402630141,SimpleMarketMaker,294973,BUY,6774.75,1,25.00,2.17
1762303635650870063,SimpleMarketMaker,294973,SELL,6775.75,1,0.00,2.17
1762303645739534715,SimpleMarketMaker,294973,BUY,6775.75,1,0.00,2.17
1762303650105368069,SimpleMarketMaker,294973,SELL,6775.50,1,0.00,2.17
1762303654145107961,SimpleMarketMaker,294973,BUY,6775.25,1,12.50,2.17
1762303665916448459,SimpleMarketMaker,294973,SELL,6775.50,1,0.00,2.17
1762303668932175431,SimpleMarketMaker,294973,BUY,6775.00,1,25.00,2.17
1762303679941884757,SimpleMarketMaker,294973,SELL,6774.25,1,0.00,2.17
1762303717207034069,SimpleMarketMaker,294973,BUY,6775.00,1,-37.50,2.17
1762303740544902301,SimpleMarketMaker,294973,SELL,6775.00,1,0.00,2.17
1762303753494282119,SimpleMarketMaker,294973,BUY,6775.00,1,0.00,2.17
1762303763824072589,SimpleMarketMaker,294973,SELL,6775.25,1,0.00,2.17
1762303790624827373,SimpleMarketMaker,294973,BUY,6774.75,1,25.00,2.17
1762303791687984211,SimpleMarketMaker,294973,SELL,6775.25,1,0.00,2.17
1762303796716866109,SimpleMarketMaker,294973,BUY,6774.75,1,25.00,2.17
1762303808864711423,SimpleMarketMaker,294973,SELL,6774.00,1,0.00,2.17
1762303814275166427,SimpleMarketMaker,294973,BUY,6773.75,1,12.50,2.17
1762303815159426343,SimpleMarketMaker,294973,BUY,6773.25,1,0.00,2.17
1762303815910366561,SimpleMarketMaker,294973,SELL,6773.50,1,12.50,2.17
1762303817225285591,SimpleMarketMaker,294973,SELL,6773.75,1,0.00,2.17
1762303818026909269,SimpleMarketMaker,294973,BUY,6773.50,1,12.50,2.17
1762303821666662403,SimpleMarketMaker,294973,SELL,6774.00,1,0.00,2.17
1762303825899774011,SimpleMarketMaker,294973,BUY,6774.00,1,0.00,2.17
1762303835701346935,SimpleMarketMaker,294973,SELL,6774.50,1,0.00,2.17
1762303857504446787,SimpleMarketMaker,294973,BUY,6775.25,1,-37.50,2.17
1762303859431986325,SimpleMarketMaker,294973,SELL,6775.50,1,0.00,2.17
1762303860026141469,SimpleMarketMaker,294973,BUY,6775.00,1,25.00,2.17
1762303861796738141,SimpleMarketMaker,294973,SELL,6775.25,1,0.00,2.17
1762303863266164847,SimpleMarketMaker,294973,BUY,6775.00,1,12.50,2.17
1762303871538781251,SimpleMarketMaker,294973,SELL,6775.25,1,0.00,2.17
1762303875762332921,SimpleMarketMaker,294973,BUY,6775.50,1,-12.50,2.17
1762303876634573635,SimpleMarketMaker,294973,SELL,6775.75,1,0.00,2.17
1762303893346002225,SimpleMarketMaker,294973,BUY,6775.50,1,12.50,2.17
1762303904655618195,SimpleMarketMaker,294973,SELL,6775.25,1,0.00,2.17
1762303915568932497,SimpleMarketMaker,294973,BUY,6776.25,1,-50.00,2.17
1762303922862542763,SimpleMarketMaker,294973,SELL,6776.25,1,0.00,2.17
1762303926130012933,SimpleMarketMaker,294973,BUY,6775.75,1,25.00,2.17
1762303945631853393,SimpleMarketMaker,294973,BUY,6774.75,1,0.00,2.17
1762303945977180807,SimpleMarketMaker,294973,SELL,6774.75,1,0.00,2.17
1762303950344542831,SimpleMarketMaker,294973,SELL,6774.75,1,0.00,2.17
1762303956543698749,SimpleMarketMaker,294973,BUY,6774.25,1,25.00,2.17
1762303961945226555,SimpleMarketMaker,294973,SELL,6774.25,1,0.00,2.17
1762303969864845653,SimpleMarketMaker,294973,BUY,6774.25,1,0.00,2.17
1762303981915139647,SimpleMarketMaker,294973,SELL,6774.25,1,0.00,2.17
1762303988749265303,SimpleMarketMaker,294973,BUY,6774.00,1,12.50,2.17
1762303989933429511,SimpleMarketMaker,294973,SELL,6774.25,1,0.00,2.17
1762304009203616779,SimpleMarketMaker,294973,BUY,6774.25,1,0.00,2.17
1762304027169000261,SimpleMarketMaker,294973,SELL,6774.50,1,0.00,2.17
1762304032567571343,SimpleMarketMaker,294973,BUY,6774.25,1,12.50,2.17
1762304070257070271,SimpleMarketMaker,294973,SELL,6774.25,1,0.00,2.17
1762304071863100809,SimpleMarketMaker,294973,BUY,6774.00,1,12.50,2.17
1762304081602862265,SimpleMarketMaker,294973,SELL,6774.50,1,0.00,2.17
1762304090016143787,SimpleMarketMaker,294973,BUY,6774.75,1,-12.50,2.17
1762304093066884561,SimpleMarketMaker,294973,SELL,6775.25,1,0.00,2.17
1762304102367995067,SimpleMarketMaker,294973,SELL,6776.00,1,0.00,2.17
1762304103845661319,SimpleMarketMaker,294973,BUY,6776.50,1,-37.50,2.17
1762304104328363847,SimpleMarketMaker,294973,BUY,6776.00,1,-12.50,2.17
1762304108027988467,SimpleMarketMaker,294973,SELL,6775.75,1,0.00,2.17
1762304111741323571,SimpleMarketMaker,294973,BUY,6775.25,1,25.00,2.17
1762304115715244899,SimpleMarketMaker,294973,SELL,6775.75,1,0.00,2.17
1762304116316210795,SimpleMarketMaker,294973,BUY,6775.25,1,25.00,2.17
1762304119736826819,SimpleMarketMaker,294973,SELL,6775.75,1,0.00,2.17
1762304122848052687,SimpleMarketMaker,294973,BUY,6775.25,1,25.00,2.17
1762304152296533079,SimpleMarketMaker,294973,SELL,6774.00,1,0.00,2.17
1762304163827722499,SimpleMarketMaker,294973,BUY,6774.50,1,-25.00,2.17
1762304187071935287,SimpleMarketMaker,294973,SELL,6774.75,1,0.00,2.17
1762304209003853315,SimpleMarketMaker,294973,BUY,6773.75,1,50.00,2.17
1762304219429256679,SimpleMarketMaker,294973,BUY,6773.25,1,0.00,2.17
1762304222185330837,SimpleMarketMaker,294973,SELL,6773.75,1,25.00,2.17
1762304223133386721,SimpleMarketMaker,294973,SELL,6774.25,1,0.00,2.17
1762304267317554303,SimpleMarketMaker,294973,BUY,6774.50,1,-12.50,2.17
1762304283117284751,SimpleMarketMaker,294973,SELL,6774.75,1,0.00,2.17
1762304288498046503,SimpleMarketMaker,294973,BUY,6774.50,1,12.50,2.17
1762304299179873281,SimpleMarketMaker,294973,SELL,6774.25,1,0.00,2.17
1762304311871346273,SimpleMarketMaker,294973,BUY,6774.50,1,-12.50,2.17
1762304314804458163,SimpleMarketMaker,294973,SELL,6775.00,1,0.00,2.17
1762304328261398957,SimpleMarketMaker,294973,BUY,6774.00,1,50.00,2.17
1762304345182842293,SimpleMarketMaker,294973,SELL,6774.25,1,0.00,2.17
1762304358643017257,SimpleMarketMaker,294973,BUY,6773.25,1,50.00,2.17
1762304367194627187,SimpleMarketMaker,294973,SELL,6773.50,1,0.00,2.17
1762304367497256203,SimpleMarketMaker,294973,BUY,6773.25,1,12.50,2.17
1762304399021004529,SimpleMarketMaker,294973,SELL,6773.25,1,0.00,2.17
1762304400171626021,SimpleMarketMaker,294973,BUY,6773.00,1,12.50,2.17
1762304403626809681,SimpleMarketMaker,294973,SELL,6773.00,1,0.00,2.17
1762304406347137639,SimpleMarketMaker,294973,BUY,6772.50,1,25.00,2.17
1762304410465545069,SimpleMarketMaker,294973,SELL,6773.00,1,0.00,2.17
1762304412029163429,SimpleMarketMaker,294973,BUY,6772.75,1,12.50,2.17
1762304412348679159,SimpleMarketMaker,294973,SELL,6773.00,1,0.00,2.17
1762304412999959047,SimpleMarketMaker,294973,BUY,6772.75,1,12.50,2.17
1762304415073346767,SimpleMarketMaker,294973,BUY,6771.75,1,0.00,2.17
1762304415876909857,SimpleMarketMaker,294973,SELL,6772.00,1,12.50,2.17
1762304420673551153,SimpleMarketMaker,294973,BUY,6771.50,1,0.00,2.17
1762304424831224969,SimpleMarketMaker,294973,SELL,6771.25,1,-12.50,2.17
1762304433686071817,SimpleMarketMaker,294973,SELL,6771.75,1,0.00,2.17
1762304434289075017,SimpleMarketMaker,294973,BUY,6771.50,1,12.50,2.17
1762304441388794279,SimpleMarketMaker,294973,BUY,6770.75,1,0.00,2.17
1762304441661417029,SimpleMarketMaker,294973,SELL,6771.00,1,12.50,2.17
1762304447319674265,SimpleMarketMaker,294973,SELL,6771.25,1,0.00,2.17
1762304456863305287,SimpleMarketMaker,294973,BUY,6770.75,1,25.00,2.17
1762304478039946953,SimpleMarketMaker,294973,BUY,6768.00,1,0.00,2.17
1762304478259358431,SimpleMarketMaker,294973,SELL,6767.75,1,-12.50,2.17
1762304481832444245,SimpleMarketMaker,294973,SELL,6768.25,1,0.00,2.17
1762304490449913177,SimpleMarketMaker,294973,BUY,6768.25,1,0.00,2.17
1762304504928599023,SimpleMarketMaker,294973,SELL,6768.25,1,0.00,2.17
1762304506650541777,SimpleMarketMaker,294973,BUY,6767.75,1,25.00,2.17
1762304509243368525,SimpleMarketMaker,294973,SELL,6768.00,1,0.00,2.17
1762304510649131783,SimpleMarketMaker,294973,BUY,6767.75,1,12.50,2.17
1762304512671677885,SimpleMarketMaker,294973,SELL,6768.25,1,0.00,2.17
1762304516506885225,SimpleMarketMaker,294973,BUY,6768.25,1,0.00,2.17
1762304528589542039,SimpleMarketMaker,294973,SELL,6768.50,1,0.00,2.17
1762304541536822369,SimpleMarketMaker,294973,SELL,6769.50,1,0.00,2.17
1762304543262476239,SimpleMarketMaker,294973,BUY,6769.50,1,-25.00,2.17
1762304550575307933,SimpleMarketMaker,294973,BUY,6769.00,1,0.00,2.17
1762304558491976927,SimpleMarketMaker,294973,SELL,6769.50,1,0.00,2.17
1762304562420154727,SimpleMarketMaker,294973,BUY,6769.25,1,12.50,2.17
1762304564640869751,SimpleMarketMaker,294973,SELL,6769.50,1,0.00,2.17
1762304571159170153,SimpleMarketMaker,294973,BUY,6769.25,1,12.50,2.17
1762304576362637303,SimpleMarketMaker,294973,SELL,6769.50,1,0.00,2.17
1762304587812070297,SimpleMarketMaker,294973,BUY,6769.25,1,12.50,2.17
1762304589528676035,SimpleMarketMaker,294973,SELL,6769.25,1,0.00,2.17
1762304593099834125,SimpleMarketMaker,294973,BUY,6769.00,1,12.50,2.17
1762304641590886439,SimpleMarketMaker,294973,SELL,6768.50,1,0.00,2.17
1762304645882570307,SimpleMarketMaker,294973,BUY,6768.75,1,-12.50,2.17
1762304648284532215,SimpleMarketMaker,294973,BUY,6768.25,1,0.00,2.17
1762304649747906729,SimpleMarketMaker,294973,SELL,6767.75,1,-25.00,2.17
1762304652151897037,SimpleMarketMaker,294973,SELL,6768.00,1,0.00,2.17
1762304653792440573,SimpleMarketMaker,294973,BUY,6767.75,1,12.50,2.17
1762304669482366003,SimpleMarketMaker,294973,SELL,6768.00,1,0.00,2.17
1762304680315194661,SimpleMarketMaker,294973,BUY,6767.50,1,25.00,2.17
1762304689823748755,SimpleMarketMaker,294973,SELL,6767.50,1,0.00,2.17
1762304700342894997,SimpleMarketMaker,294973,BUY,6767.25,1,12.50,2.17
1762304709578071323,SimpleMarketMaker,294973,SELL,6767.25,1,0.00,2.17
1762304722204857481,SimpleMarketMaker,294973,BUY,6767.00,1,12.50,2.17
1762304742744596703,SimpleMarketMaker,294973,SELL,6763.50,1,0.00,2.17
1762304745918067489,SimpleMarketMaker,294973,BUY,6763.25,1,12.50,2.17
1762304748614383475,SimpleMarketMaker,294973,SELL,6763.75,1,0.00,2.17
1762304753165175849,SimpleMarketMaker,294973,BUY,6764.00,1,-12.50,2.17
1762304758011299325,SimpleMarketMaker,294973,SELL,6764.25,1,0.00,2.17
1762304760020572853,SimpleMarketMaker,294973,BUY,6764.00,1,12.50,2.17
1762304761390821439,SimpleMarketMaker,294973,SELL,6764.50,1,0.00,2.17
1762304770565142823,SimpleMarketMaker,294973,BUY,6765.25,1,-37.50,2.17
1762304778110031659,SimpleMarketMaker,294973,SELL,6765.00,1,0.00,2.17
1762304784356954439,SimpleMarketMaker,294973,BUY,6765.00,1,0.00,2.17
1762304792020808467,SimpleMarketMaker,294973,SELL,6765.50,1,0.00,2.17
1762304800843650439,SimpleMarketMaker,294973,BUY,6765.00,1,25.00,2.17
1762304806854536991,SimpleMarketMaker,294973,SELL,6764.75,1,0.00,2.17
1762304811543388663,SimpleMarketMaker,294973,BUY,6764.50,1,12.50,2.17
1762304819513928039,SimpleMarketMaker,294973,SELL,6764.50,1,0.00,2.17
1762304827874830273,SimpleMarketMaker,294973,BUY,6764.00,1,25.00,2.17
1762304839322214103,SimpleMarketMaker,294973,SELL,6764.00,1,0.00,2.17
1762304855881863621,SimpleMarketMaker,294973,BUY,6764.00,1,0.00,2.17
1762304862363621365,SimpleMarketMaker,294973,SELL,6764.00,1,0.00,2.17
1762304872362702457,SimpleMarketMaker,294973,BUY,6763.00,1,50.00,2.17
1762304872646189723,SimpleMarketMaker,294973,SELL,6762.75,1,0.00,2.17
1762304906045735483,SimpleMarketMaker,294973,BUY,6763.25,1,-25.00,2.17
1762304917248626023,SimpleMarketMaker,294973,SELL,6762.50,1,0.00,2.17
1762304941197681483,SimpleMarketMaker,294973,SELL,6763.50,1,0.00,2.17
1762304941434564171,SimpleMarketMaker,294973,BUY,6763.00,1,0.00,2.17
1762304947319477585,SimpleMarketMaker,294973,BUY,6762.50,1,25.00,2.17
1762304948260261499,SimpleMarketMaker,294973,SELL,6763.00,1,0.00,2.17
1762304951271373987,SimpleMarketMaker,294973,BUY,6762.75,1,12.50,2.17
1762304959100098587,SimpleMarketMaker,294973,SELL,6762.50,1,0.00,2.17
1762304973394415339,SimpleMarketMaker,294973,BUY,6762.50,1,0.00,2.17
1762304991650396963,SimpleMarketMaker,294973,SELL,6763.00,1,0.00,2.17
1762304994603317333,SimpleMarketMaker,294973,BUY,6762.75,1,12.50,2.17
1762304996067842887,SimpleMarketMaker,294973,SELL,6763.25,1,0.00,2.17
1762305004885668151,SimpleMarketMaker,294973,BUY,6764.50,1,-62.50,2.17
1762305015826936653,SimpleMarketMaker,294973,SELL,6764.00,1,0.00,2.17
1762305019670812743,SimpleMarketMaker,294973,BUY,6764.50,1,-25.00,2.17
1762305024026405687,SimpleMarketMaker,294973,SELL,6765.00,1,0.00,2.17
1762305024720484309,SimpleMarketMaker,294973,BUY,6764.75,1,12.50,2.17
1762305026500915541,SimpleMarketMaker,294973,SELL,6765.00,1,0.00,2.17
1762305029386291967,SimpleMarketMaker,294973,BUY,6764.75,1,12.50,2.17
1762305032928458379,SimpleMarketMaker,294973,SELL,6764.00,1,0.00,2.17
1762305035784318539,SimpleMarketMaker,294973,BUY,6763.50,1,25.00,2.17
1762305042658162907,SimpleMarketMaker,294973,SELL,6764.25,1,0.00,2.17
1762305047876276889,SimpleMarketMaker,294973,SELL,6766.00,1,0.00,2.17
1762305049479487771,SimpleMarketMaker,294973,BUY,6766.50,1,-62.50,2.17
1762305049864359917,SimpleMarketMaker,294973,BUY,6765.75,1,-25.00,2.17
1762305050906622359,SimpleMarketMaker,294973,SELL,6766.00,1,0.00,2.17
1762305060075028969,SimpleMarketMaker,294973,BUY,6766.50,1,-25.00,2.17
1762305061023055155,SimpleMarketMaker,294973,SELL,6766.75,1,0.00,2.17
1762305068852718975,SimpleMarketMaker,294973,BUY,6766.75,1,0.00,2.17
1762305074289824327,SimpleMarketMaker,294973,SELL,6767.00,1,0.00,2.17
1762305084495623405,SimpleMarketMaker,294973,BUY,6767.00,1,0.00,2.17
1762305086377798059,SimpleMarketMaker,294973,SELL,6767.00,1,0.00,2.17
1762305104012475373,SimpleMarketMaker,294973,BUY,6766.50,1,25.00,2.17
1762305112608804527,SimpleMarketMaker,294973,SELL,6767.00,1,0.00,2.17
1762305120958979341,SimpleMarketMaker,294973,BUY,6767.25,1,-12.50,2.17
1762305121301628133,SimpleMarketMaker,294973,SELL,6767.75,1,0.00,2.17
1762305123054814317,SimpleMarketMaker,294973,BUY,6767.25,1,25.00,2.17
1762305125043757757,SimpleMarketMaker,294973,SELL,6767.75,1,0.00,2.17
1762305128686205027,SimpleMarketMaker,294973,BUY,6767.25,1,25.00,2.17
1762305129874835829,SimpleMarketMaker,294973,SELL,6767.50,1,0.00,2.17
1762305142774231243,SimpleMarketMaker,294973,BUY,6768.50,1,-50.00,2.17
1762305144602956401,SimpleMarketMaker,294973,SELL,6769.00,1,0.00,2.17
1762305148354265341,SimpleMarketMaker,294973,BUY,6769.25,1,-12.50,2.17
1762305151025211071,SimpleMarketMaker,294973,SELL,6769.25,1,0.00,2.17
